일시,평균기온(°C),최저기온(°C),최고기온(°C)
2019-01-01,1,-1.9,5.5
2019-01-02,1.2,-2.5,6.4
2019-01-03,3,-1.7,8.4
2019-01-04,5,1.4,8.2
2019-01-05,5.5,2.2,10.7
2019-01-06,4.4,1.3,10.7
2019-01-07,4.4,0.7,9.5
2019-01-08,3.2,-0.7,8.2
2019-01-09,2.3,-2.6,7.6
2019-01-10,4.8,2.5,9
2019-01-11,6.2,0.4,12.2
2019-01-12,6.2,4.7,8.3
2019-01-13,6.8,3.2,12.5
2019-01-14,7.3,2.4,13.5
2019-01-15,5.6,1.4,10.4
2019-01-16,0,-4.4,5.6
2019-01-17,2.4,-2,7.6
2019-01-18,5.5,1.1,10.8
2019-01-19,7.5,4.2,12.2
2019-01-20,5.5,0.5,10.6
2019-01-21,2.8,-2.3,7.9
2019-01-22,5.5,0.9,10.6
2019-01-23,6.5,2.1,10.7
2019-01-24,5.7,1.5,11.6
2019-01-25,4.2,-0.1,7.9
2019-01-26,1,-2.6,6.3
2019-01-27,3.9,-0.7,9
2019-01-28,5.3,2,10.9
2019-01-29,5.2,-0.6,11.4
2019-01-30,8.6,5.4,13.7
2019-01-31,2.2,-1.5,8.9
2019-02-01,0.4,-4.2,5.5
2019-02-02,4.2,-1.3,8.3
2019-02-03,11.6,7.4,14.9
2019-02-04,6.8,3.4,10.5
2019-02-05,8,2.5,13
2019-02-06,10.5,6.6,15.5
2019-02-07,8.3,1.5,13.4
2019-02-08,3.2,-1.4,9
2019-02-09,2.5,0.2,5.6
2019-02-10,4,-1.3,9.7
2019-02-11,2.9,0,6.8
2019-02-12,4,-0.5,9.4
2019-02-13,4.6,1.2,9
2019-02-14,5.2,2,11.3
2019-02-15,6.3,4,8.8
2019-02-16,3.2,0.4,7.5
2019-02-17,3.2,-1.7,9.5
2019-02-18,6.5,2.2,10.5
2019-02-19,7.1,5.4,10.4
2019-02-20,5.6,2,10.3
2019-02-21,6.9,1.5,12.7
2019-02-22,9,5.3,14.1
2019-02-23,9.2,6.5,15.2
2019-02-24,9,4.6,13.8
2019-02-25,10.8,6.4,16.2
2019-02-26,10.9,6.5,16
2019-02-27,10.4,8.8,13
2019-02-28,10.6,7.5,16.5
2019-03-01,10.6,7,16.1
2019-03-02,10.7,7.1,15.5
2019-03-03,11.5,9.5,15.4
2019-03-04,11.4,8.8,16.9
2019-03-05,12,7.9,16
2019-03-06,10.7,8.8,13.8
2019-03-07,9.7,7.3,14
2019-03-08,10.5,5.6,14.5
2019-03-09,11.8,7.4,15.4
2019-03-10,8.4,6.7,12.2
2019-03-11,9.8,5.8,14.5
2019-03-12,9.4,4.5,14.8
2019-03-13,5.5,0.5,11.4
2019-03-14,8,2.7,12.1
2019-03-15,8.2,3.6,13.3
2019-03-16,7.7,2.5,12.6
2019-03-17,9.9,5.4,15.4
2019-03-18,11.5,8.1,14.4
2019-03-19,13.9,9.2,19.3
2019-03-20,13.8,11.2,17.2
2019-03-21,15.6,10.6,21
2019-03-22,9.4,5.4,14.4
2019-03-23,7,3.7,13.5
2019-03-24,6.9,2,11.1
2019-03-25,8.7,4.5,11.8
2019-03-26,13.6,7.2,20.7
2019-03-27,14.8,12.3,18.7
2019-03-28,12.8,10.7,16.1
2019-03-29,13.9,10.5,17.1
2019-03-30,11.6,5.6,16.1
2019-03-31,7.7,4.4,13.5
2019-04-01,7.7,2.1,14.1
2019-04-02,9.4,4.5,15
2019-04-03,9.8,5.7,13.9
2019-04-04,12.1,6,17.4
2019-04-05,13.9,10.1,18
2019-04-06,14.4,10.4,18.4
2019-04-07,12.4,9.9,15.9
2019-04-08,13.1,9.5,18.3
2019-04-09,11.2,8.4,15.8
2019-04-10,9.7,7.9,12.9
2019-04-11,10.2,6.8,14.2
2019-04-12,11.8,7.4,16.4
2019-04-13,13.5,9.2,17.2
2019-04-14,13.3,10.6,15.6
2019-04-15,12.7,7.9,17.9
2019-04-16,16,10.3,21.2
2019-04-17,18,14.3,23.4
2019-04-18,16.4,14.2,20
2019-04-19,13.8,10.1,16.8
2019-04-20,14.4,9.7,18.2
2019-04-21,17.2,13.4,22
2019-04-22,17.1,14.1,22.2
2019-04-23,16.2,14.5,19.5
2019-04-24,16.8,15.1,20.5
2019-04-25,14.8,13,16.3
2019-04-26,11.3,8.5,13.1
2019-04-27,12.1,8.1,16.3
2019-04-28,13.2,10.7,16.9
2019-04-29,13,12.1,13.8
2019-04-30,15.6,13.1,18.9
2019-05-01,17,14.3,20.8
2019-05-02,17.6,14.8,21.7
2019-05-03,19.1,15.3,23.1
2019-05-04,19.1,15.1,23.6
2019-05-05,19.6,15.4,23.9
2019-05-06,16.6,12.8,21.3
2019-05-07,15.2,11,20
2019-05-08,17.3,12.9,21.6
2019-05-09,18.6,16,22.9
2019-05-10,19,16,23.8
2019-05-11,19.5,14.3,24.4
2019-05-12,20.2,15.9,25.8
2019-05-13,17.8,14.8,20.7
2019-05-14,20.5,17.2,24.7
2019-05-15,21.6,18.7,25.7
2019-05-16,21.7,18,26.7
2019-05-17,21.1,17.8,23.7
2019-05-18,17.7,16.5,20.4
2019-05-19,19.4,18,21.9
2019-05-20,19,14.1,23.3
2019-05-21,17.9,12.2,22.3
2019-05-22,19.7,15.8,24.6
2019-05-23,19.3,16.2,26.1
2019-05-24,20.9,16.2,25.4
2019-05-25,23.4,19.2,30.1
2019-05-26,22,18.5,25.7
2019-05-27,19.3,18.4,20.9
2019-05-28,18,15.1,22.5
2019-05-29,20.6,14,25.4
2019-05-30,22.5,17.8,26.9
2019-05-31,18.4,14.9,22.9
2019-06-01,19.8,16.2,24.8
2019-06-02,20.9,17.4,24.6
2019-06-03,21.3,17.4,25.6
2019-06-04,23.4,19.2,26.5
2019-06-05,23.9,20.4,29.7
2019-06-06,22.1,17.8,27
2019-06-07,18.7,16.8,20
2019-06-08,19.1,17,22.2
2019-06-09,18.5,16.4,22.1
2019-06-10,18.8,15.8,22.7
2019-06-11,18.5,16.1,22.1
2019-06-12,19.1,16.9,22.3
2019-06-13,19.6,15.5,23
2019-06-14,19.6,17.2,23.7
2019-06-15,20.6,17.2,25.3
2019-06-16,20.1,17.7,23.4
2019-06-17,20.8,17.6,24.6
2019-06-18,21.7,19.5,24.8
2019-06-19,23.4,19.3,27.3
2019-06-20,24.3,21.6,27.5
2019-06-21,23.3,21,26.8
2019-06-22,21.3,19.1,25
2019-06-23,20.9,18.4,24.8
2019-06-24,20.9,18,24.5
2019-06-25,21.9,18.5,26.8
2019-06-26,20.9,19.6,21.8
2019-06-27,22.4,20.7,24.4
2019-06-28,22.2,20.8,25.5
2019-06-29,21.4,20,23.7
2019-06-30,23.3,21.3,28.1
2019-07-01,23.1,21.3,27.8
2019-07-02,23.4,20.9,26.4
2019-07-03,21.9,20.4,24.1
2019-07-04,24.2,19.8,28.3
2019-07-05,23.8,20.6,26.9
2019-07-06,24.3,20.7,28.9
2019-07-07,23,20.8,26.5
2019-07-08,22.2,20.5,26.9
2019-07-09,22.2,20.2,26.1
2019-07-10,21.7,20.7,22.7
2019-07-11,23.8,21.6,27.2
2019-07-12,24.1,21.5,28.9
2019-07-13,22.3,21,23.5
2019-07-14,23.6,20.6,26.8
2019-07-15,23.6,21.8,26.6
2019-07-16,23.8,21,27.1
2019-07-17,23.8,21.2,27.8
2019-07-18,22.3,21.2,23
2019-07-19,23.1,22.7,23.7
2019-07-20,23.4,23,23.9
2019-07-21,23.6,22.2,26
2019-07-22,25.8,22.9,29.1
2019-07-23,26.6,24.9,29.9
2019-07-24,26,24.6,29.3
2019-07-25,25.6,24.9,27.7
2019-07-26,25.8,24.7,26.8
2019-07-27,25.9,24.7,26.9
2019-07-28,26.9,25.7,29.1
2019-07-29,27,25.2,30.3
2019-07-30,27.7,25.5,30.5
2019-07-31,28,26.2,30.9
2019-08-01,28.1,25.6,31.3
2019-08-02,29.4,26.7,33
2019-08-03,28.9,26.3,32.7
2019-08-04,28.8,26.4,32.2
2019-08-05,28.8,26.1,32.8
2019-08-06,25.8,23.2,29.8
2019-08-07,27.5,23.4,30.9
2019-08-08,28.7,25.9,32.5
2019-08-09,28.9,26.6,32.5
2019-08-10,28.3,26,32.3
2019-08-11,28,26.3,30.6
2019-08-12,29.3,27,31.9
2019-08-13,30.6,27.1,35
2019-08-14,29.4,26.5,33.3
2019-08-15,27.4,26.7,28.5
2019-08-16,28.2,26.3,31.6
2019-08-17,27.2,24.5,29.9
2019-08-18,27.3,25.2,29.8
2019-08-19,27.2,25.2,30.2
2019-08-20,26.8,25.1,30.3
2019-08-21,26.6,25,29.4
2019-08-22,26.1,25,27.3
2019-08-23,25.5,23.5,28.2
2019-08-24,25,21.6,28.3
2019-08-25,24.3,22.7,27.6
2019-08-26,25.2,21.8,28.8
2019-08-27,23.5,22.2,25.1
2019-08-28,24.1,22.7,26.3
2019-08-29,23.1,22.1,24.3
2019-08-30,24.6,20.3,28.9
2019-08-31,24.4,21,28.3
2019-09-01,23.7,21.4,27.7
2019-09-02,21.4,20.2,22.9
2019-09-03,23,21.9,25.8
2019-09-04,24.5,22,26.8
2019-09-05,26.5,24,29.3
2019-09-06,27,25.6,28.8
2019-09-07,26,24.1,27.3
2019-09-08,25.3,23.5,29.1
2019-09-09,27,23.9,30.5
2019-09-10,26.7,25.2,29.2
2019-09-11,25.1,23.3,29.2
2019-09-12,21.6,19.9,23.6
2019-09-13,23.2,20.5,27.4
2019-09-14,23.8,20.1,27.7
2019-09-15,24.9,21.5,29.3
2019-09-16,23.4,20.2,28
2019-09-17,22.9,19.6,28.1
2019-09-18,22.9,19.6,28.2
2019-09-19,21.6,18.7,25.6
2019-09-20,21.5,18,26.5
2019-09-21,18.2,17.2,20.6
2019-09-22,18.2,17.1,19.1
2019-09-23,17.9,16.7,20.7
2019-09-24,19.4,15.8,24.2
2019-09-25,20.4,15.8,25.4
2019-09-26,22.9,19.1,27.8
2019-09-27,22.1,20.6,26.1
2019-09-28,22.4,21.3,26.1
2019-09-29,23.9,21.3,28.8
2019-09-30,24.1,22.5,27.7
2019-10-01,22.4,21.6,23.3
2019-10-02,22.7,21.6,23.8
2019-10-03,24.6,22.3,28.8
2019-10-04,22.9,20.2,25.8
2019-10-05,21.7,18.5,26.4
2019-10-06,18.7,16.4,22.8
2019-10-07,18.3,16.4,21.2
2019-10-08,18.9,16,24
2019-10-09,17.5,12.6,23.2
2019-10-10,19.4,14.1,24.5
2019-10-11,21.1,16.7,27
2019-10-12,19.9,16.5,24.5
2019-10-13,18,15.1,23
2019-10-14,18.3,14.3,23
2019-10-15,15.6,13.4,18.9
2019-10-16,16.2,12.5,21.4
2019-10-17,17.1,14.1,21.2
2019-10-18,16.8,15.5,17.7
2019-10-19,19.1,15.8,24
2019-10-20,18.7,14.9,23.6
2019-10-21,18.6,15.2,23.7
2019-10-22,19,16.1,23.8
2019-10-23,18,16.3,20.8
2019-10-24,18.4,16.4,21.2
2019-10-25,19.6,16.8,24.9
2019-10-26,17.5,13.9,21.4
2019-10-27,14,10.4,18.7
2019-10-28,15.4,10.7,19.9
2019-10-29,16.4,13.3,21.2
2019-10-30,14.6,10.6,20.4
2019-10-31,16.2,11,22.4
2019-11-01,17.5,13.4,24
2019-11-02,17.5,14.4,22.6
2019-11-03,16.4,14,22.3
2019-11-04,14.3,12.3,19.7
2019-11-05,15.2,10.8,20.7
2019-11-06,15.8,11.7,21.3
2019-11-07,14.4,11.7,19.2
2019-11-08,13.8,10.7,19
2019-11-09,14.3,9,20.2
2019-11-10,14.3,10,18.3
2019-11-11,14.8,11.8,19.7
2019-11-12,14.2,10.9,19.1
2019-11-13,13.9,9.9,16.3
2019-11-14,7.6,4.8,14.4
2019-11-15,11.2,5.6,16.4
2019-11-16,15.1,11.1,19.8
2019-11-17,16.3,12.3,19.1
2019-11-18,13.2,6.7,19.5
2019-11-19,6.7,3.8,10.8
2019-11-20,6.2,2,12.4
2019-11-21,10.6,4,16.3
2019-11-22,14.5,10.1,20.3
2019-11-23,15.5,12.2,20.5
2019-11-24,16,13.4,18.9
2019-11-25,11.6,9.5,16.6
2019-11-26,11.4,8.8,16.7
2019-11-27,10.1,8.8,11.7
2019-11-28,9,6.3,12.9
2019-11-29,8.4,5,14
2019-11-30,11.1,6.5,15.7
2019-12-01,9.5,6.5,12.1
2019-12-02,6.6,2.6,10.5
2019-12-03,4.6,0.3,9.2
2019-12-04,7.2,4.6,11.3
2019-12-05,4.6,0,9.6
2019-12-06,0.2,-2.8,4.7
2019-12-07,3.6,-2.2,9.7
2019-12-08,6.1,2.4,12
2019-12-09,7.8,3.7,13.4
2019-12-10,11.5,6.8,16.3
2019-12-11,12.1,5.8,16.6
2019-12-12,4.9,2.2,9.3
2019-12-13,6.8,2.3,10.5
2019-12-14,8.5,6.2,12.7
2019-12-15,9.1,6.8,14.5
2019-12-16,10.8,6.3,16.4
2019-12-17,12.8,9.1,16.6
2019-12-18,10.4,8,15.7
2019-12-19,6.6,3.6,12.2
2019-12-20,5,1.2,9.4
2019-12-21,4.3,1.7,6.3
2019-12-22,6.5,4.2,10
2019-12-23,8.2,5,12.9
2019-12-24,7.7,3,14.3
2019-12-25,10.7,5.4,16.3
2019-12-26,7.8,4,12.2
2019-12-27,3.6,0.4,9
2019-12-28,4.1,-0.3,9.4
2019-12-29,6.5,2.6,9.5
2019-12-30,9.6,7.1,14
2019-12-31,0.1,-2.5,7.1
2020-01-01,1.9,-3.2,7.8
2020-01-02,4.1,0.5,9.6
2020-01-03,5.9,2.3,11.6
2020-01-04,5.5,2,9.7
2020-01-05,7.4,2.6,13.5
2020-01-06,7.8,5.5,9
2020-01-07,14.4,9,17.7
2020-01-08,8.8,4.9,15
2020-01-09,5.3,2.3,9.8
2020-01-10,5.9,0.9,12.3
2020-01-11,5.9,1.9,10.5
2020-01-12,4.6,2,8.8
2020-01-13,3.5,1,8.1
2020-01-14,2.1,-0.3,5.5
2020-01-15,2.4,-0.4,7
2020-01-16,3.8,-0.3,9.5
2020-01-17,6.4,3.2,11.8
2020-01-18,5.3,1.4,9.8
2020-01-19,4.9,2.1,9.4
2020-01-20,5.1,1.6,9.8
2020-01-21,5,0.1,10.3
2020-01-22,7.7,4.8,9.3
2020-01-23,8.8,8.1,10.1
2020-01-24,10.2,5.9,15.9
2020-01-25,9.1,8,11.6
2020-01-26,9.5,7.4,13.8
2020-01-27,6.7,4.8,10
2020-01-28,8.9,6,13.1
2020-01-29,8.5,6.6,13
2020-01-30,7.1,4.2,12.9
2020-01-31,6.3,2.3,11.2
2020-02-01,5.6,1.5,10.4
2020-02-02,7.1,3.3,11.7
2020-02-03,5.6,2.4,10.4
2020-02-04,5.2,0.3,10.1
2020-02-05,1.8,-2.4,5
2020-02-06,1.2,-5,7.1
2020-02-07,5,2.1,10.4
2020-02-08,4.1,0.4,9.4
2020-02-09,3.8,-0.7,8.9
2020-02-10,6.3,0.7,12.2
2020-02-11,9.7,4.4,14.5
2020-02-12,11.7,9.9,14.1
2020-02-13,11.4,8.1,16.2
2020-02-14,12.3,9.2,18.1
2020-02-15,12.8,9.7,17.3
2020-02-16,7,0.8,13.7
2020-02-17,0.1,-3,3
2020-02-18,1.2,-4.5,7.9
2020-02-19,6.1,0.1,12.5
2020-02-20,9.3,4.6,14.7
2020-02-21,11,5.5,16
2020-02-22,9.5,5.1,12.9
2020-02-23,6,1.1,11.7
2020-02-24,10.8,5.5,15.7
2020-02-25,9.7,7.9,12.7
2020-02-26,9.5,6.8,14.1
2020-02-27,6.8,4.7,10.7
2020-02-28,6.9,4.8,8.9
2020-02-29,9.5,7,13
2020-03-01,10.8,7.2,15.6
2020-03-02,8.5,5.2,14.7
2020-03-03,8.7,5.6,12.6
2020-03-04,7.9,1.7,13
2020-03-05,5.1,-0.3,11.5
2020-03-06,8.1,3.2,12.6
2020-03-07,8.2,6.1,11.8
2020-03-08,10.4,5.5,16.4
2020-03-09,11,7.4,15.2
2020-03-10,9.9,7.3,12.1
2020-03-11,7.8,3.6,13.5
2020-03-12,9.5,3.6,14.5
2020-03-13,11.6,8.5,17
2020-03-14,8.2,4.7,12
2020-03-15,7.7,2.9,12.7
2020-03-16,6.6,1.1,11.8
2020-03-17,11.1,6,15.9
2020-03-18,12.2,7.7,17.3
2020-03-19,12.6,7.4,18.2
2020-03-20,10.4,6.4,14.8
2020-03-21,13.7,9.8,17.9
2020-03-22,14.1,11,17.5
2020-03-23,12.6,8.8,17.1
2020-03-24,11.5,8.6,15.3
2020-03-25,13,7.6,17.9
2020-03-26,14.5,12.1,16.3
2020-03-27,13.7,9.7,16.8
2020-03-28,9.4,7.7,13
2020-03-29,10.4,6.4,15.1
2020-03-30,11.6,8.6,15.7
2020-03-31,12.9,8.5,18
2020-04-01,12.5,10.8,17.1
2020-04-02,11.5,7.2,16.2
2020-04-03,13.8,9.6,19.1
2020-04-04,12.8,8.5,19.6
2020-04-05,9.7,5.6,14.1
2020-04-06,11.7,7.3,15.1
2020-04-07,14.5,9.5,20.6
2020-04-08,13.3,9.2,19.1
2020-04-09,11.8,8,18
2020-04-10,10,8.3,12.2
2020-04-11,10.5,7.9,14.2
2020-04-12,9,7.2,11.9
2020-04-13,10.1,6.8,15.5
2020-04-14,15.1,8.8,21.1
2020-04-15,14.5,12,18.4
2020-04-16,12.9,10.5,16.7
2020-04-17,12.2,11.3,13.1
2020-04-18,13.9,10.2,20.6
2020-04-19,11.8,10.5,14.7
2020-04-20,14,10.1,18.1
2020-04-21,12.2,8.1,18.8
2020-04-22,9.3,5.1,16
2020-04-23,10.3,4.4,16.9
2020-04-24,11.1,6.1,14.7
2020-04-25,14.8,10.1,18.3
2020-04-26,14.2,10.4,21.3
2020-04-27,13.7,9.5,19.5
2020-04-28,14.3,9.5,20.9
2020-04-29,16.2,11.4,24.4
2020-04-30,16.9,13,20.1
2020-05-01,19.5,16.7,22.7
2020-05-02,18.7,17,21.8
2020-05-03,16.8,16.2,17.9
2020-05-04,19,15.8,25
2020-05-05,15.9,14.2,18.5
2020-05-06,17.9,14,21.8
2020-05-07,16.5,12.5,21
2020-05-08,17.4,12.3,21.1
2020-05-09,16.4,14.8,18.6
2020-05-10,17.6,14.7,20.6
2020-05-11,18.8,15.3,25.4
2020-05-12,18.2,15.6,21.4
2020-05-13,17.9,12.5,22.8
2020-05-14,20.1,16.4,25.4
2020-05-15,16.3,14.3,18.8
2020-05-16,18.2,16.1,24.4
2020-05-17,18.2,15.9,21.6
2020-05-18,17.3,16.4,19.8
2020-05-19,15.6,13.3,19
2020-05-20,15.2,12.2,19.4
2020-05-21,14.9,13.2,18.1
2020-05-22,15.4,12.2,18.7
2020-05-23,16.8,12.8,20.9
2020-05-24,19.1,14.6,22.5
2020-05-25,19.4,16.8,23.2
2020-05-26,19,16.6,22.2
2020-05-27,19.4,16.4,26
2020-05-28,19.2,15.2,25.1
2020-05-29,19.7,15.7,24.5
2020-05-30,20.2,17.3,23.7
2020-05-31,19.6,17.3,23.6
2020-06-01,22,18.3,25.5
2020-06-02,21.1,18,25.1
2020-06-03,21.3,18.6,25.7
2020-06-04,22.9,20.3,26.6
2020-06-05,22,18.4,27
2020-06-06,21,17.7,26.6
2020-06-07,21.5,17.8,24.6
2020-06-08,23.3,18,28
2020-06-09,24,18.6,29.4
2020-06-10,24.7,20.9,28.9
2020-06-11,22.6,21.3,25.9
2020-06-12,22.6,21.1,25.8
2020-06-13,22,21,24.2
2020-06-14,23.3,20.2,27
2020-06-15,23.8,20.3,29
2020-06-16,23.9,21.4,29
2020-06-17,22.3,19.7,26.2
2020-06-18,18.3,16.8,21.2
2020-06-19,21.8,18.3,27.1
2020-06-20,21.2,19,24.9
2020-06-21,21.2,18,25.3
2020-06-22,22.8,18,27.7
2020-06-23,23.8,19.9,29
2020-06-24,22.6,20.5,26.2
2020-06-25,22,20.9,24.6
2020-06-26,23.3,20.3,28.2
2020-06-27,23.2,20.2,27.9
2020-06-28,24.9,21.7,30.7
2020-06-29,21.6,18.9,25.2
2020-06-30,22,19.9,24.7
2020-07-01,20.8,19.1,24.3
2020-07-02,21.7,19,25.8
2020-07-03,20.6,18.7,22.1
2020-07-04,20.4,18.7,25.4
2020-07-05,22.2,19.1,25.9
2020-07-06,22.7,21.2,25.6
2020-07-07,22.7,21.6,25.1
2020-07-08,23.5,21.3,28.1
2020-07-09,22.2,20.6,25.5
2020-07-10,22.2,20.8,25.9
2020-07-11,21.6,20.2,24.3
2020-07-12,20.1,18.7,21.4
2020-07-13,18.9,18.1,20.2
2020-07-14,19.3,18.7,20.7
2020-07-15,19.6,18.5,21
2020-07-16,21.3,18.7,24.2
2020-07-17,21.8,17.8,25.9
2020-07-18,22.2,18.9,25.5
2020-07-19,23.2,21.4,25.2
2020-07-20,24.9,23.7,26.4
2020-07-21,24.9,22.6,28.6
2020-07-22,22.5,21.4,23.9
2020-07-23,21.8,21.2,23
2020-07-24,21.6,20.1,24.1
2020-07-25,21.3,20,23.7
2020-07-26,23.9,20.2,27.1
2020-07-27,22.6,21.5,24.7
2020-07-28,21.9,21.5,22.8
2020-07-29,23.2,21.9,24.8
2020-07-30,24,22,27.9
2020-07-31,26.1,22.8,30.6
2020-08-01,26.9,24.3,30
2020-08-02,26.8,24.2,30
2020-08-03,26.9,25.2,29.3
2020-08-04,27,25.1,29.4
2020-08-05,26.6,25.4,29.2
2020-08-06,26.1,24.5,27.4
2020-08-07,25.6,23.6,27.8
2020-08-08,24.9,23.7,26.4
2020-08-09,25.8,23.9,28.5
2020-08-10,25.6,23.5,28.5
2020-08-11,26.2,23.5,29.8
2020-08-12,25.9,24.6,28.2
2020-08-13,27.6,24.4,31.2
2020-08-14,27.9,26.2,30.2
2020-08-15,28.1,24.7,31.5
2020-08-16,28.2,25.5,31.3
2020-08-17,28.4,26,33.1
2020-08-18,28.7,26.1,31.6
2020-08-19,29.1,26.3,33.2
2020-08-20,29.4,26.5,33.2
2020-08-21,26.7,23.6,30.7
2020-08-22,27,24.2,30.8
2020-08-23,27.1,24.7,30.6
2020-08-24,28,24.8,32
2020-08-25,29.3,25.8,32.8
2020-08-26,28.7,27.6,31.2
2020-08-27,26.2,23.4,28.5
2020-08-28,26.9,25,31.3
2020-08-29,27.5,24,31.4
2020-08-30,28.5,25.7,33.1
2020-08-31,26.2,24.3,29.7
2020-09-01,26.4,23.7,30.6
2020-09-02,26.8,25.4,28.9
2020-09-03,25.9,23.2,29.3
2020-09-04,24.4,20.9,27.9
2020-09-05,19.9,17.9,22.6
2020-09-06,20.9,18.7,22
2020-09-07,22.9,20.7,24.1
2020-09-08,24.3,22.2,26.8
2020-09-09,24,22.2,27.3
2020-09-10,24,21.6,27.1
2020-09-11,22.8,20.6,27.3
2020-09-12,21.7,19.7,26.2
2020-09-13,20.2,18.8,24.6
2020-09-14,21.9,18.6,26
2020-09-15,23.3,20.7,27
2020-09-16,22.6,21.5,24.1
2020-09-17,21,17.9,23.2
2020-09-18,19.5,17.5,21.4
2020-09-19,21.6,16.9,26.1
2020-09-20,21.5,17.5,26.6
2020-09-21,20,16.3,25
2020-09-22,19.5,17.4,23.5
2020-09-23,20.2,17.4,23.1
2020-09-24,21.2,18.4,25.7
2020-09-25,21.3,18,25.5
2020-09-26,20.5,17.5,26.4
2020-09-27,20,16.9,25.6
2020-09-28,19.4,16,24.1
2020-09-29,20.1,15.5,25.3
2020-09-30,20.3,17.2,25.6
2020-10-01,20,16.7,24.8
2020-10-02,21.1,16.7,24.5
2020-10-03,22.1,20.1,25.9
2020-10-04,21.5,19,25.6
2020-10-05,17.2,13.3,21.7
2020-10-06,17.5,13,22.9
2020-10-07,19.1,15.1,23.1
2020-10-08,18.7,16.6,22.2
2020-10-09,19.1,16.8,23.8
2020-10-10,18,15.6,20.8
2020-10-11,17.7,15,22
2020-10-12,18.9,15.1,24.9
2020-10-13,17.8,14.2,23.4
2020-10-14,16.9,13,22.6
2020-10-15,17.2,12.5,23
2020-10-16,16.3,15,18.6
2020-10-17,17,12.9,22.6
2020-10-18,17.2,13.7,22.2
2020-10-19,17.5,12.5,23.2
2020-10-20,17.7,13.6,22.6
2020-10-21,17.3,14.9,22.3
2020-10-22,15.3,13.8,17.3
2020-10-23,12.7,8.7,18.3
2020-10-24,12,7,18.2
2020-10-25,14.6,9.5,21.6
2020-10-26,15.9,11.7,21.5
2020-10-27,16.7,12.2,22.9
2020-10-28,17.3,15.4,22.9
2020-10-29,15.4,10.6,21.9
2020-10-30,15,11.4,21
2020-10-31,15,11,20.3
2020-11-01,15.7,12.5,20.2
2020-11-02,13.9,12,17.7
2020-11-03,9.7,5.3,13.3
2020-11-04,8.7,4.1,14.6
2020-11-05,12,6.3,17.4
2020-11-06,17.2,12.3,21.6
2020-11-07,17.6,14.5,21.4
2020-11-08,14.1,8.8,19.8
2020-11-09,9.2,5,15.1
2020-11-10,11,7.7,16
2020-11-11,12.5,6.7,18.6
2020-11-12,14.3,9.7,20
2020-11-13,15.6,10.9,21.9
2020-11-14,15.2,12.1,21.5
2020-11-15,15.5,12.2,20.6
2020-11-16,16.4,12,22
2020-11-17,17.8,14.9,22.7
2020-11-18,19.4,15.9,23.3
2020-11-19,19.1,14.9,20.7
2020-11-20,12.2,7.2,16.3
2020-11-21,10.7,6.1,14.8
2020-11-22,10.8,8.8,12.2
2020-11-23,7.9,4.3,12.9
2020-11-24,9.6,4.8,16.2
2020-11-25,10.4,7.3,15
2020-11-26,10.3,7.3,15.4
2020-11-27,9.8,4.8,14
2020-11-28,5.1,2.4,10.1
2020-11-29,4.9,1.1,10.3
2020-11-30,5.4,1.7,11.2
2020-12-01,6.7,0.6,13.5
2020-12-02,7.9,4.6,14.3
2020-12-03,6.3,3.5,11.5
2020-12-04,4.3,0.5,10.2
2020-12-05,5.7,1.6,10.9
2020-12-06,7.4,3.5,12.3
2020-12-07,7.5,4.5,11.5
2020-12-08,4.3,1.4,9
2020-12-09,6.3,1.3,12.4
2020-12-10,7.5,4.9,12.3
2020-12-11,9.4,6.1,13.7
2020-12-12,7.5,4.9,11.2
2020-12-13,6.4,2,11.7
2020-12-14,-1.1,-4.1,2
2020-12-15,-2.7,-6,1.3
2020-12-16,-2.1,-5,2.4
2020-12-17,-0.5,-5.4,4.7
2020-12-18,3,-1,8.1
2020-12-19,0.7,-1.5,5.9
2020-12-20,1.9,-1.5,6.9
2020-12-21,2.5,-1.1,7
2020-12-22,4.5,0.3,8.6
2020-12-23,6.1,1.9,9
2020-12-24,8.4,3.2,13.6
2020-12-25,3.5,0.2,7.6
2020-12-26,5.6,1.6,10.8
2020-12-27,6.9,4.5,11.1
2020-12-28,8.6,4,15
2020-12-29,8.2,1.7,14.8
2020-12-30,-3.2,-7.4,1.7
2020-12-31,-2.9,-8,2.9
2021-01-01,0.3,-5,4.6
2021-01-02,1.3,-1.6,5
2021-01-03,0.1,-2.7,3.7
2021-01-04,3,-2.2,9
2021-01-05,3,-2.2,8
2021-01-06,-1.7,-5.9,2.4
2021-01-07,-6.1,-10.4,0.2
2021-01-08,-8.2,-12.2,-2.2
2021-01-09,-5.9,-10.2,0.3
2021-01-10,-2.3,-7.8,3.6
2021-01-11,0.2,-3.1,4.5
2021-01-12,1.4,-3.5,5.5
2021-01-13,7.1,1.4,11.7
2021-01-14,8.9,4.7,14.5
2021-01-15,11.9,7.2,15.7
2021-01-16,5.7,0.1,11.9
2021-01-17,-0.5,-3.4,3.4
2021-01-18,1.1,-2.4,6
2021-01-19,0.2,-4.2,5.7
2021-01-20,5.4,-0.8,12
2021-01-21,8.9,4,13.8
2021-01-22,10.1,8.4,11.8
2021-01-23,10.4,9.6,11.6
2021-01-24,9.2,8.7,12.6
2021-01-25,9.3,7.4,13.2
2021-01-26,7.7,6.6,9.1
2021-01-27,7.4,3.9,12.9
2021-01-28,4.4,-2.9,11.1
2021-01-29,-2.6,-6.3,2.7
2021-01-30,3.1,-4,8.8
2021-01-31,8.7,2.4,13.1
2021-02-01,10,8.5,12.1
2021-02-02,2.3,-2.2,8.5
2021-02-03,0.7,-3.4,4.9
2021-02-04,5.1,2.3,9.5
2021-02-05,5.3,0.6,8.9
2021-02-06,9.5,5.1,13.7
2021-02-07,10.1,6.3,15.8
2021-02-08,3.2,-1,9
2021-02-09,2.8,-3.2,8.9
2021-02-10,6.6,1.9,12.4
2021-02-11,8.3,4,12.3
2021-02-12,10.7,7.1,16.1
2021-02-13,12.6,7.7,18.8
2021-02-14,11.9,10,13.9
2021-02-15,8.1,0.4,13.1
2021-02-16,2,-1.9,7.1
2021-02-17,-3.2,-5.5,0.3
2021-02-18,-2.4,-7.2,3.2
2021-02-19,4.3,-3.2,10.7
2021-02-20,11.8,7.4,17.5
2021-02-21,14.6,10.4,19.3
2021-02-22,15.2,11.8,18.6
2021-02-23,8.4,4.8,13.5
2021-02-24,7.8,3.2,13.1
2021-02-25,8.8,6.3,11.6
2021-02-26,9.1,6.8,13.4
2021-02-27,7.4,5.8,10.1
2021-02-28,10.5,5.4,15.6
2021-03-01,12.4,5.2,15.5
2021-03-02,4.5,2.2,8.8
2021-03-03,6.1,1.6,10.6
2021-03-04,9.2,5,13.9
2021-03-05,12.5,9.3,19.3
2021-03-06,8.1,5.2,12.5
2021-03-07,6.5,4.8,9.8
2021-03-08,8.4,4,13.9
2021-03-09,9.7,6.6,13.8
2021-03-10,10.3,7.2,15.6
2021-03-11,11.5,6.5,16.6
2021-03-12,10,9.1,12.1
2021-03-13,10.9,7.5,15.4
2021-03-14,12.3,8.2,17.6
2021-03-15,12.9,8.2,16.3
2021-03-16,15.2,11,21.5
2021-03-17,11.4,8,16.5
2021-03-18,11.4,8.5,15.9
2021-03-19,12.1,8.9,16.7
2021-03-20,10.9,9.3,12.7
2021-03-21,10.1,5.3,15.2
2021-03-22,8.2,3.7,13.9
2021-03-23,10.7,5.2,15.8
2021-03-24,12.8,9,16.2
2021-03-25,14.7,10.6,19.9
2021-03-26,15.8,11.7,21.2
2021-03-27,14.8,11.1,17.2
2021-03-28,15.5,13.8,19
2021-03-29,15.1,12.3,19.7
2021-03-30,14.5,11.1,21.6
2021-03-31,13.9,9.6,19.2
2021-04-01,14.3,11,18.6
2021-04-02,15.7,12.6,22.2
2021-04-03,16.4,14.2,20
2021-04-04,10.8,8.6,16.8
2021-04-05,11.1,6.3,17.3
2021-04-06,12.8,7.7,16.3
2021-04-07,15.9,13,21.5
2021-04-08,14,10.9,19
2021-04-09,12,8.3,16.6
2021-04-10,11,7,15.7
2021-04-11,13.7,8.5,18.9
2021-04-12,14.2,12.1,16.7
2021-04-13,16.4,10.3,21.4
2021-04-14,10.7,6.5,15.9
2021-04-15,12.6,8,17.2
2021-04-16,14.7,9.8,19.1
2021-04-17,15.1,9,19.9
2021-04-18,12,7.3,18.1
2021-04-19,15,8.9,21.7
2021-04-20,17.6,13.5,24.1
2021-04-21,18.6,12.9,25.3
2021-04-22,19.7,15.8,26.5
2021-04-23,17,14.2,21.4
2021-04-24,15.7,12.8,20.1
2021-04-25,15.1,11.2,19.6
2021-04-26,13.6,9.3,18.2
2021-04-27,15.1,10.7,19
2021-04-28,17.1,14.7,20.7
2021-04-29,17.3,14.9,22
2021-04-30,16.8,12.9,21.7
2021-05-01,12.2,10.1,16.6
2021-05-02,12.6,8.6,16.9
2021-05-03,15.5,11,19.4
2021-05-04,16.4,14.3,18.4
2021-05-05,18.5,14.4,23.2
2021-05-06,17.1,11.5,21.7
2021-05-07,17.4,15.3,20.3
2021-05-08,17,12.2,20.8
2021-05-09,17.9,13.8,22
2021-05-10,17.5,14.8,21.3
2021-05-11,16.4,14.7,18.8
2021-05-12,18.5,15.8,24.8
2021-05-13,19.7,16.5,25
2021-05-14,19.4,16.4,23.4
2021-05-15,18.8,17.8,20.3
2021-05-16,19.3,15.4,20.9
2021-05-17,14.7,14.2,16
2021-05-18,16.1,14.2,17.7
2021-05-19,19.3,16,23.6
2021-05-20,16.9,15.9,17.9
2021-05-21,18.4,15.9,22.7
2021-05-22,19,15.1,24.3
2021-05-23,21.5,16.8,26.5
2021-05-24,18.8,16.9,21.3
2021-05-25,19.9,17,25.5
2021-05-26,17.9,15.5,22.1
2021-05-27,16.9,13.4,20.9
2021-05-28,17.6,15,21.5
2021-05-29,18.7,14.4,22.8
2021-05-30,19.8,16.4,23.9
2021-05-31,20.3,16.9,24.9
2021-06-01,21.2,16.6,26.3
2021-06-02,21.4,19.1,25.6
2021-06-03,19.2,18.2,19.9
2021-06-04,20.7,17.1,24.8
2021-06-05,20.2,17.4,23.3
2021-06-06,20.9,18.4,24.7
2021-06-07,21.6,19.1,25.8
2021-06-08,23,20.1,26.2
2021-06-09,23.1,19,27.8
2021-06-10,22.4,19.5,26
2021-06-11,20.8,19.6,22.9
2021-06-12,20.9,20.4,21.6
2021-06-13,22.8,20.4,26.8
2021-06-14,22.4,20.5,25.9
2021-06-15,20.8,18.6,22.9
2021-06-16,20,18.3,22.5
2021-06-17,19.9,18.2,23.2
2021-06-18,20,18.3,22
2021-06-19,22.9,19.7,27.2
2021-06-20,23,19.7,26.5
2021-06-21,23.9,20.1,30.9
2021-06-22,21.3,18.6,25.1
2021-06-23,21.1,18.6,25.4
2021-06-24,21.7,19.1,25.4
2021-06-25,22.2,18.9,25.9
2021-06-26,23,21.2,26.3
2021-06-27,23.8,19.9,27.7
2021-06-28,24.1,21.5,28.3
2021-06-29,23.5,20.8,28.3
2021-06-30,23.9,21.3,27.9
2021-07-01,24.8,21.4,29.5
2021-07-02,24.7,21.7,29.4
2021-07-03,22.9,21.5,24.8
2021-07-04,23.9,21.5,26.6
2021-07-05,22.7,20.8,24.6
2021-07-06,23.4,21.5,24.7
2021-07-07,23.7,21.6,26.4
2021-07-08,23.7,21.6,27.7
2021-07-09,24.4,22.2,28.1
2021-07-10,25.3,23.4,28
2021-07-11,26.2,23.8,29.1
2021-07-12,27.2,25.4,29.9
2021-07-13,27,25.1,29.5
2021-07-14,27.5,25.2,30
2021-07-15,27.3,25.5,30
2021-07-16,27,25,30.4
2021-07-17,25.5,23.2,28
2021-07-18,26.3,24.3,29
2021-07-19,26.8,24.3,29.7
2021-07-20,28.4,25.6,32.4
2021-07-21,27.9,25.7,31.2
2021-07-22,28,25.2,31.6
2021-07-23,27.8,25,32
2021-07-24,28.1,25.5,31.7
2021-07-25,27.9,26,31.1
2021-07-26,28.1,25.6,31.3
2021-07-27,28.1,25.2,31.9
2021-07-28,27.9,24.9,32
2021-07-29,28.1,25.1,31.7
2021-07-30,27.8,25.1,30.8
2021-07-31,28,25.9,30.1
2021-08-01,29.1,26.5,32.1
2021-08-02,29,26.8,32
2021-08-03,28,26,31.5
2021-08-04,29.4,26.4,32.7
2021-08-05,29.8,26.9,33.2
2021-08-06,30.4,26.8,35.6
2021-08-07,29.7,27.5,33.1
2021-08-08,25.3,23.3,28
2021-08-09,26.3,22.9,32.1
2021-08-10,26.2,22.7,29.4
2021-08-11,26,24.5,28.6
2021-08-12,26.3,23.4,29.9
2021-08-13,25,23.7,26.4
2021-08-14,23.6,21.6,25.9
2021-08-15,24.7,22.4,28.7
2021-08-16,25,22,28.2
2021-08-17,22.8,20.4,26.1
2021-08-18,23.4,21.7,25.9
2021-08-19,24.6,22.2,28.1
2021-08-20,25.5,21.9,29.3
2021-08-21,23.8,20.8,25.7
2021-08-22,26.1,24.2,29.7
2021-08-23,24,22.3,26.7
2021-08-24,25.5,23.4,26.8
2021-08-25,24.3,23.2,26.4
2021-08-26,26.4,24.1,30.5
2021-08-27,26.2,23.4,29.2
2021-08-28,26.7,23.5,30.3
2021-08-29,26.6,25,30
2021-08-30,26.4,24.3,30.6
2021-08-31,26,24.3,29.5
2021-09-01,24.9,20.8,28.5
2021-09-02,21.6,20.4,24.5
2021-09-03,22.1,20,25.5
2021-09-04,23,20.8,26.8
2021-09-05,22.7,21.3,26.3
2021-09-06,23.1,21.2,26.2
2021-09-07,24.5,21.3,27.8
2021-09-08,24.4,22.2,28.1
2021-09-09,24.2,21.4,27.6
2021-09-10,22.8,21.6,24.5
2021-09-11,24.9,21.4,28.4
2021-09-12,24.9,21.9,28.8
2021-09-13,23.6,22.5,25.7
2021-09-14,21.5,20.7,23.1
2021-09-15,22.9,21,26.4
2021-09-16,22.7,20.3,24.6
2021-09-17,20.3,19.4,22.9
2021-09-18,22.5,19.5,26.8
2021-09-19,22.7,19.4,27.8
2021-09-20,23.1,19.9,27.4
2021-09-21,23,21.4,25
2021-09-22,23.1,19.4,27.3
2021-09-23,22.8,19.3,27.3
2021-09-24,22.1,19.4,26.7
2021-09-25,22.1,19.8,26.1
2021-09-26,21.7,19.6,25.1
2021-09-27,21.8,18.9,25.8
2021-09-28,22.4,20,26.3
2021-09-29,24.2,21.5,27.8
2021-09-30,22.1,19.9,25.4
2021-10-01,22.2,18.6,26.8
2021-10-02,23.3,19.6,28.3
2021-10-03,23.5,19.2,28.2
2021-10-04,24.5,21.6,27.8
2021-10-05,24.4,21.7,28
2021-10-06,23.4,21,27.1
2021-10-07,23.4,20.1,27
2021-10-08,23.3,21.3,27.6
2021-10-09,23.7,21.3,27.8
2021-10-10,24.9,21.1,28.4
2021-10-11,21.1,17.7,24.8
2021-10-12,18.6,17.5,20.2
2021-10-13,19.9,17.3,23.5
2021-10-14,21.4,18,25.2
2021-10-15,21.9,18.3,26.6
2021-10-16,14.7,10.2,19.3
2021-10-17,10.2,5.5,16.7
2021-10-18,13.6,7.1,19.6
2021-10-19,14.4,11.3,20.1
2021-10-20,13.7,9,19.5
2021-10-21,12.6,11.4,14.7
2021-10-22,13.2,9.8,18.4
2021-10-23,15.1,10.4,21
2021-10-24,15.8,11.4,20.7
2021-10-25,16.7,12.3,22.8
2021-10-26,15.9,12.2,21.4
2021-10-27,17.1,13,22.3
2021-10-28,16.9,11.7,23.3
2021-10-29,15.9,13.8,20.2
2021-10-30,16.6,13.8,20.6
2021-10-31,17,12.8,23
2021-11-01,17,13.8,22.3
2021-11-02,14.9,10.8,20.6
2021-11-03,15,10.8,20.6
2021-11-04,15.1,11.5,21.5
2021-11-05,16.5,11.8,21.8
2021-11-06,16.7,14,21.5
2021-11-07,18.2,14.9,22.1
2021-11-08,14.1,8.2,20.8
2021-11-09,10.1,7.3,14.1
2021-11-10,10.2,7.7,14.2
2021-11-11,10.3,8,14.4
2021-11-12,8.8,6.4,12
2021-11-13,10.1,4.3,15.3
2021-11-14,12.9,8.6,17.6
2021-11-15,13.3,10.2,19.4
2021-11-16,13.1,10.1,17.3
2021-11-17,12.5,8.2,17.8
2021-11-18,13.2,9.1,18.2
2021-11-19,14.5,9.5,20.7
2021-11-20,14.8,10.6,20.9
2021-11-21,15.2,11.7,20.1
2021-11-22,9.9,4.3,15.6
2021-11-23,6.2,3.6,10.3
2021-11-24,9.3,5.5,13.5
2021-11-25,11.7,8.4,16.7
2021-11-26,8.9,5.3,13.6
2021-11-27,8.4,4.9,13.8
2021-11-28,10.3,5.3,16.4
2021-11-29,11.6,7.3,16
2021-11-30,10.9,6,13.9
2021-12-01,3.9,0.2,7.3
2021-12-02,3.8,-1,9.1
2021-12-03,7.4,3.3,12.6
2021-12-04,5.6,1.6,10.7
2021-12-05,8.3,2.6,14.4
2021-12-06,10.8,6.6,16.9
2021-12-07,11.4,7.7,17.3
2021-12-08,10.2,7.4,15
2021-12-09,11.9,8.7,16.9
2021-12-10,12.6,8.6,17.8
2021-12-11,11.8,8.8,16.4
2021-12-12,8.6,2.6,12.5
2021-12-13,2.3,-1.5,7.7
2021-12-14,4.4,-0.5,9.6
2021-12-15,9.4,5,14
2021-12-16,8.8,7.1,10.5
2021-12-17,2.7,-4.2,7.6
2021-12-18,-1.4,-6.5,3.1
2021-12-19,4,1.1,8.3
2021-12-20,7.9,1.8,11.9
2021-12-21,10.2,7.4,14.3
2021-12-22,9.4,5.6,14.7
2021-12-23,8.7,5.2,13.3
2021-12-24,7.7,4.8,13
2021-12-25,-1.6,-6.5,5.4
2021-12-26,-5.2,-8.6,-0.6
2021-12-27,-1.8,-6.9,3.3
2021-12-28,3.9,-0.7,8.4
2021-12-29,6.2,2.2,10.9
2021-12-30,2.8,0.3,6.6
2021-12-31,-0.1,-3,4.4
